ID;SIRE;DAM
1;0;0
2;0;0
3;0;0
4;0;0
5;0;0
6;0;0
7;0;0
8;0;0
9;0;0
10;0;0
11;0;0
12;0;0
13;0;0
14;4;5
15;0;0
16;0;0
17;0;0
18;0;0
19;0;0
20;0;0
21;0;0
22;0;0
23;0;0
24;0;0
25;0;0
26;0;0
27;0;0
28;13;12
29;0;0
30;2;3
31;0;0
32;0;0
33;0;0
34;0;0
35;9;16
36;0;0
37;0;0
38;0;0
39;0;0
40;0;0
41;0;0
42;0;0
43;0;0
44;0;0
45;0;0
46;0;0
47;0;0
48;0;0
49;0;0
50;0;0
51;25;20
52;0;0
53;10;8
54;0;0
55;0;0
56;0;0
57;0;0
58;0;0
59;0;0
60;0;0
61;0;0
62;0;0
63;0;0
64;0;0
65;0;0
66;0;0
67;0;0
68;0;0
69;0;0
70;0;0
71;0;0
72;0;0
73;0;0
74;0;0
75;0;0
76;0;0
77;0;0
78;0;0
79;43;17
80;0;0
81;0;0
82;0;0
83;6;18
84;0;0
85;0;0
86;22;40
87;0;0
88;0;0
89;0;0
90;19;41
91;56;7
92;0;0
93;11;46
94;11;46
95;44;47
96;38;48
97;65;49
98;0;0
99;0;0
100;0;0
101;0;0
102;0;0
103;26;21
104;0;0
105;0;0
106;0;0
107;0;0
108;0;0
109;0;0
110;67;55
111;0;0
112;23;57
113;0;0
114;0;0
115;0;0
116;0;0
117;29;61
118;0;0
119;56;15
120;0;0
121;0;0
122;14;28
123;0;0
124;0;0
125;74;45
126;0;0
127;0;0
128;63;32
129;37;31
130;0;0
131;0;0
132;0;0
133;0;0
134;27;33
135;0;0
136;0;0
137;0;0
138;0;0
139;0;0
140;0;0
141;0;0
142;0;0
143;0;0
144;0;0
145;0;0
146;0;0
147;0;0
148;0;0
149;0;0
150;24;75
151;0;0
152;0;0
153;35;79
154;0;0
155;0;0
156;60;77
157;0;0
158;0;0
159;87;79
160;0;0
161;0;0
162;0;0
163;0;0
164;0;0
165;0;0
166;0;0
167;0;0
168;0;0
169;0;0
170;0;0
171;0;0
172;0;0
173;0;0
174;0;0
175;51;103
176;102;50
177;0;0
178;124;108
179;109;107
180;0;0
181;0;0
182;0;0
183;0;0
184;0;0
185;0;0
186;0;0
187;0;0
188;0;0
189;0;0
190;0;0
191;0;0
192;0;0
193;0;0
194;0;0
195;0;0
196;129;113
197;82;114
198;0;0
199;0;0
200;0;0
201;0;0
202;0;0
203;0;0
204;0;0
205;0;0
206;129;30
207;0;0
208;106;120
209;119;116
210;119;117
211;0;0
212;0;0
213;0;0
214;0;0
215;0;0
216;130;131
217;0;0
218;0;0
219;0;0
220;0;0
221;68;34
222;133;69
223;0;0
224;135;136
225;0;0
226;0;0
227;141;138
228;139;140
229;0;0
230;102;132
231;0;0
232;0;0
233;144;66
234;0;0
235;0;0
236;0;0
237;0;0
238;0;0
239;147;146
240;127;71
241;0;0
242;0;0
243;125;150
244;0;0
245;0;0
246;0;0
247;0;0
248;0;0
249;157;39
250;84;36
251;84;80
252;0;0
253;161;154
254;98;156
255;78;76
256;0;0
257;0;0
258;86;83
259;53;90
260;51;85
261;53;89
262;0;0
263;102;162
264;102;163
265;0;0
266;164;42
267;102;88
268;0;0
269;0;0
270;0;0
271;0;0
272;128;93
273;91;94
274;91;94
275;259;171
276;191;92
277;240;95
278;255;96
279;62;170
280;0;0
281;115;52
282;0;0
283;97;104
284;149;173
285;0;0
286;0;0
287;0;0
288;0;0
289;0;0
290;0;0
291;0;0
292;0;0
293;0;0
294;0;0
295;0;0
296;178;110
297;178;54
298;242;180
299;0;0
300;0;0
301;269;182
302;0;0
303;195;181
304;0;0
305;0;0
306;0;0
307;0;0
308;0;0
309;243;184
310;186;59
311;0;0
312;268;58
313;0;0
314;0;0
315;0;0
316;0;0
317;0;0
318;0;0
319;0;0
320;0;0
321;0;0
322;0;0
323;0;0
324;0;0
325;0;0
326;263;192
327;0;0
328;266;196
329;0;0
330;0;0
331;205;118
332;0;0
333;0;0
334;129;123
335;0;0
336;167;145
337;0;0
338;0;0
339;0;0
340;268;188
341;0;0
342;152;64
343;0;0
344;0;0
345;0;0
346;97;64
347;0;0
348;0;0
349;0;0
350;243;217
351;0;0
352;0;0
353;0;0
354;219;218
355;0;0
356;111;137
357;97;221
358;0;0
359;0;0
360;0;0
361;0;0
362;0;0
363;0;0
364;203;70
365;0;0
366;0;0
367;0;0
368;0;0
369;0;0
370;227;134
371;227;134
372;234;72
373;0;0
374;0;0
375;0;0
376;0;0
377;0;0
378;0;0
379;0;0
380;0;0
381;0;0
382;0;0
383;237;235
384;0;0
385;0;0
386;0;0
387;0;0
388;129;151
389;0;0
390;0;0
391;0;0
392;0;0
393;0;0
394;0;0
395;160;155
396;255;81
397;0;0
398;166;256
399;142;252
400;0;0
401;262;247
402;253;156
403;253;248
404;0;0
405;0;0
406;0;0
407;0;0
408;0;0
409;261;264
410;0;0
411;0;0
412;169;168
413;0;0
414;412;279
415;220;172
416;195;271
417;0;0
418;0;0
419;0;0
420;0;0
421;0;0
422;367;423
423;0;0
424;0;0
425;195;105
426;0;0
427;0;0
428;195;99
429;0;0
430;0;0
431;0;0
432;283;176
433;174;100
434;0;0
435;296;176
436;0;0
437;328;175
438;0;0
439;0;0
440;0;0
441;226;287
442;0;0
443;200;183
444;293;291
445;0;0
446;409;294
447;377;289
448;0;0
449;383;298
450;292;300
451;0;0
452;292;300
453;0;0
454;0;0
455;0;0
456;305;185
457;309;317
458;306;315
459;309;316
460;0;0
461;0;0
462;0;0
463;193;192
464;255;194
465;0;0
466;263;319
467;257;198
468;0;0
469;0;0
470;260;197
471;0;0
472;260;199
473;0;0
474;228;322
475;215;190
476;0;0
477;0;0
478;0;0
479;321;324
480;201;318
481;0;0
482;408;202
483;296;323
484;0;0
485;328;464
486;328;462
487;210;122
488;210;122
489;201;121
490;0;0
491;143;207
492;229;204
493;229;204
494;389;332
495;296;206
496;333;334
497;229;288
498;359;366
499;0;0
500;212;126
501;0;0
502;0;0
503;0;0
504;0;0
505;0;0
506;0;0
507;0;0
508;390;347
509;348;344
510;349;345
511;349;345
512;0;0
513;0;0
514;0;0
515;405;351
516;193;223
517;230;224
518;0;0
519;0;0
520;0;0
521;232;225
522;232;361
523;352;362
524;364;231
525;364;233
526;364;233
527;409;222
528;263;356
529;0;0
530;375;374
531;0;0
532;0;0
533;0;0
534;372;239
535;375;236
536;375;238
537;375;148
538;337;376
539;379;73
540;338;380
541;386;373
542;0;0
543;0;0
544;382;378
545;0;0
546;0;0
547;0;0
548;0;0
549;0;0
550;337;245
551;200;244
552;391;387
553;201;241
554;363;394
555;0;0
556;0;0
557;260;159
558;0;0
559;336;250
560;243;395
561;243;396
562;215;400
563;409;254
564;338;395
565;0;0
566;406;265
567;336;165
568;243;258
569;228;267
570;228;267
571;406;410
572;0;0
573;569;278
574;259;277
575;1;270
576;536;275
577;550;417
578;0;0
579;566;280
580;536;424
581;0;0
582;0;0
583;0;0
584;0;0
585;547;419
586;383;284
587;550;428
588;515;426
589;465;177
590;0;0
591;566;281
592;566;431
593;555;437
594;0;0
595;0;0
596;340;425
597;0;0
598;266;285
599;461;282
600;429;430
601;566;101
602;0;0
603;302;290
604;438;442
605;0;0
606;441;179
607;340;303
608;0;0
609;441;304
610;534;301
611;0;0
612;534;439
613;0;0
614;534;295
615;0;0
616;500;444
617;0;0
618;441;299
619;441;445
620;302;451
621;441;448
622;0;0
623;413;314
624;313;311
625;355;307
626;309;112
627;468;187
628;308;455
629;0;0
630;509;460
631;509;456
632;623;457
633;296;466
634;327;189
635;409;467
636;409;467
637;328;469
638;328;325
639;566;474
640;0;0
641;493;330
642;409;320
643;367;478
644;473;475
645;463;480
646;471;467
647;546;470
648;493;329
649;0;0
650;493;472
651;0;0
652;477;320
653;340;322
654;340;475
655;555;329
656;383;490
657;492;208
658;492;335
659;550;334
660;515;489
661;453;454
662;443;446
663;0;0
664;339;501
665;0;0
666;0;0
667;534;341
668;0;0
669;0;0
670;536;213
671;0;0
672;0;0
673;0;0
674;296;216
675;296;216
676;493;343
677;566;504
678;350;342
679;534;346
680;534;346
681;0;0
682;0;0
683;505;506
684;354;507
685;523;508
686;0;0
687;0;0
688;413;353
689;0;0
690;0;0
691;381;512
692;0;0
693;383;513
694;534;514
695;0;0
696;0;0
697;0;0
698;409;357
699;409;357
700;0;0
701;0;0
702;408;365
703;0;0
704;537;360
705;440;358
706;534;518
707;519;368
708;0;0
709;382;384
710;0;0
711;0;0
712;0;0
713;497;530
714;0;0
715;537;540
716;0;0
717;500;539
718;0;0
719;533;385
720;0;0
721;0;0
722;0;0
723;544;530
724;498;531
725;708;532
726;498;542
727;296;388
728;0;0
729;328;394
730;404;393
731;493;551
732;0;0
733;493;392
734;516;552
735;515;246
736;354;553
737;479;549
738;381;403
739;0;0
740;561;249
741;338;401
742;338;158
743;564;398
744;564;403
745;561;153
746;0;0
747;571;558
748;296;251
749;0;0
750;0;0
751;0;0
752;493;407
753;567;570
754;0;0
755;0;0
756;568;574
757;0;0
758;476;416
759;560;273
760;569;416
761;569;416
762;449;576
763;559;273
764;559;272
765;449;276
766;0;0
767;581;582
768;422;585
769;581;583
770;0;0
771;520;418
772;422;420
773;571;433
774;0;0
775;484;286
776;435;597
777;0;0
778;429;436
779;661;595
780;435;586
781;735;590
782;715;432
783;610;599
784;497;425
785;610;598
786;610;427
787;678;591
788;610;601
789;0;0
790;610;594
791;661;592
792;648;586
793;648;586
794;0;0
795;0;0
796;0;0
797;536;447
798;536;605
799;0;0
800;536;603
801;0;0
802;0;0
803;735;450
804;733;619
805;733;618
806;604;297
807;607;617
808;0;0
809;621;612
810;607;616
811;0;0
812;459;625
813;628;458
814;623;310
815;628;312
816;610;626
817;627;630
818;479;326
819;509;635
820;523;640
821;637;483
822;637;482
823;637;633
824;602;329
825;656;643
826;0;0
827;752;644
828;637;638
829;534;634
830;534;647
831;534;649
832;520;481
833;0;0
834;610;470
835;657;491
836;661;331
837;735;494
838;657;660
839;657;660
840;610;331
841;610;487
842;610;209
843;537;421
844;752;703
845;0;0
846;0;0
847;0;0
848;673;502
849;545;214
850;666;503
851;665;669
852;670;664
853;499;672
854;0;0
855;0;0
856;845;668
857;610;677
858;610;511
859;578;216
860;679;681
861;610;682
862;679;676
863;684;675
864;684;675
865;0;0
866;538;510
867;452;688
868;690;687
869;498;691
870;686;692
871;520;689
872;498;693
873;452;695
874;538;521
875;0;0
876;0;0
877;752;522
878;0;0
879;610;517
880;610;370
881;0;0
882;752;369
883;610;524
884;610;524
885;610;526
886;610;525
887;678;698
888;541;535
889;0;0
890;0;0
891;711;543
892;716;385
893;712;710
894;723;714
895;723;717
896;723;717
897;0;0
898;709;729
899;536;554
900;0;0
901;556;548
902;610;727
903;0;0
904;661;728
905;0;0
906;694;730
907;0;0
908;610;737
909;610;736
910;0;0
911;678;731
912;678;732
913;748;402
914;0;0
915;738;399
916;486;739
917;738;565
918;486;401
919;602;750
920;534;563
921;752;562
922;752;746
923;718;751
924;0;0
925;523;411
926;555;572
927;0;0
928;754;755
929;449;575
930;580;274
931;211;757
932;742;758
933;449;415
934;645;414
935;858;765
936;663;671
937;868;577
938;707;584
939;800;771
940;0;0
941;580;579
942;0;0
943;696;774
944;925;600
945;733;588
946;733;588
947;899;587
948;899;589
949;800;777
950;780;437
951;926;781
952;830;596
953;875;434
954;830;778
955;800;785
956;800;785
957;830;773
958;830;773
959;830;773
960;926;789
961;787;775
962;707;608
963;621;796
964;607;613
965;799;620
966;804;803
967;0;0
968;0;0
969;824;614
970;826;795
971;804;808
972;833;802
973;911;963
974;787;620
975;911;609
976;882;798
977;631;632
978;811;813
979;622;629
980;797;624
981;650;818
982;0;0
983;653;641
984;753;485
985;652;636
986;650;646
987;823;825
988;697;641
989;752;829
990;868;633
991;868;633
992;926;651
993;705;832
994;823;646
995;639;822
996;908;655
997;877;818
998;828;827
999;828;827
1000;830;633
1001;830;633
1002;794;334
1003;797;658
1004;662;835
1005;780;659
1006;678;770
1007;0;0
1008;650;876
1009;718;846
1010;721;847
1011;843;849
1012;843;849
1013;843;851
1014;853;850
1015;855;854
1016;856;848
1017;654;674
1018;857;685
1019;857;683
1020;859;860
1021;857;863
1022;797;869
1023;642;871
1024;858;870
1025;908;867
1026;650;528
1027;650;704
1028;707;701
1029;707;699
1030;0;0
1031;800;371
1032;706;702
1033;0;0
1034;648;698
1035;858;700
1036;819;878
1037;877;527
1038;719;726
1039;725;530
1040;888;717
1041;888;717
1042;889;890
1043;725;713
1044;725;724
1045;725;892
1046;891;893
1047;889;529
1048;926;897
1049;797;900
1050;797;905
1051;820;904
1052;800;898
1053;800;898
1054;830;734
1055;780;907
1056;834;912
1057;780;906
1058;610;914
1059;918;740
1060;722;749
1061;843;741
1062;593;917
1063;919;563
1064;919;916
1065;1058;922
1066;1058;923
1067;864;744
1068;911;397
1069;754;927
1070;924;929
1071;852;761
1072;858;760
1073;988;931
1074;1059;930
1075;1053;764
1076;995;759
1077;942;573
1078;942;573
1079;844;667
1080;908;768
1081;940;766
1082;830;437
1083;920;792
1084;830;781
1085;901;943
1086;920;596
1087;787;782
1088;920;784
1089;1069;786
1090;1002;790
1091;1006;945
1092;1002;779
1093;920;793
1094;920;793
1095;911;782
1096;989;949
1097;1003;788
1098;1050;953
1099;937;946
1100;823;947
1101;1049;776
1102;1034;961
1103;1003;944
1104;834;784
1105;962;807
1106;830;606
1107;865;801
1108;982;611
1109;834;620
1110;972;806
1111;819;615
1112;1034;809
1113;1034;809
1114;974;976
1115;973;967
1116;819;975
1117;980;816
1118;1003;812
1119;955;977
1120;769;812
1121;769;812
1122;817;813
1123;981;635
1124;830;985
1125;830;985
1126;928;827
1127;877;821
1128;834;983
1129;994;993
1130;992;831
1131;920;987
1132;948;821
1133;996;986
1134;996;991
1135;1052;1000
1136;911;839
1137;841;836
1138;911;496
1139;838;495
1140;911;842
1141;810;488
1142;989;837
1143;1009;1010
1144;921;861
1145;911;866
1146;1029;862
1147;1020;1019
1148;921;872
1149;830;873
1150;1031;1023
1151;834;1022
1152;902;699
1153;1028;883
1154;902;1027
1155;939;884
1156;1033;878
1157;966;1032
1158;966;1032
1159;1031;1035
1160;1033;881
1161;1034;885
1162;1034;885
1163;810;720
1164;1007;1039
1165;810;1038
1166;1006;895
1167;1042;896
1168;810;1043
1169;966;1039
1170;966;894
1171;1008;896
1172;966;895
1173;966;1046
1174;1044;1047
1175;911;909
1176;948;1048
1177;1030;910
1178;1031;903
1179;1031;1055
1180;920;734
1181;964;747
1182;926;1060
1183;680;557
1184;1063;745
1185;787;915
1186;1051;1061
1187;1018;745
1188;1065;743
1189;1024;933
1190;997;934
1191;834;763
1192;1064;932
1193;1059;1071
1194;998;573
1195;998;762
1196;1117;1072
1197;1168;1070
1198;1159;1073
1199;970;936
1200;938;767
1201;966;772
1202;966;1080
1203;1155;941
1204;1021;1081
1205;956;1084
1206;911;1086
1207;1068;952
1208;1181;783
1209;954;1091
1210;1140;958
1211;1124;791
1212;1092;1096
1213;1175;1100
1214;1097;1094
1215;1176;1093
1216;1097;951
1217;1175;1085
1218;1097;1095
1219;1128;947
1220;1034;958
1221;990;957
1222;1021;1083
1223;1169;1200
1224;974;1107
1225;1034;968
1226;973;806
1227;1034;620
1228;1180;971
1229;1140;969
1230;1175;805
1231;1168;1109
1232;1140;965
1233;1169;975
1234;1175;1112
1235;1172;1114
1236;1172;1108
1237;1177;1115
1238;1175;1224
1239;1175;1224
1240;1175;1224
1241;966;815
1242;966;979
1243;966;979
1244;1088;814
1245;1137;978
1246;1088;816
1247;1137;1121
1248;1088;1120
1249;1118;1122
1250;1137;1126
1251;1127;1125
1252;1127;1125
1253;1127;1001
1254;1180;1123
1255;1127;829
1256;1182;840
1257;1182;840
1258;1089;1138
1259;1124;1005
1260;1117;1136
1261;1150;1025
1262;0;0
1263;1056;1012
1264;1016;1011
1265;1056;1143
1266;970;1015
1267;1014;1013
1268;1020;1144
1269;1117;1146
1270;970;1036
1271;1088;886
1272;1088;887
1273;1054;874
1274;1145;886
1275;1169;880
1276;1044;1163
1277;1045;896
1278;966;1165
1279;966;1164
1280;1044;1167
1281;1169;1041
1282;1169;1166
1283;1065;1067
1284;956;1062
1285;1088;1183
1286;1185;913
1287;1131;756
1288;1222;1189
1289;1262;1192
1290;1129;935
1291;1172;1074
1292;1119;1193
1293;1119;1193
1294;1211;1198
1295;1187;1076
1296;1259;1077
1297;1259;1077
1298;1269;1078
1299;1286;1195
1300;1281;1191
1301;1202;1079
1302;1202;1199
1303;1172;1203
1304;1258;1220
1305;1097;1102
1306;1188;1103
1307;1178;1220
1308;1131;1104
1309;1283;959
1310;1283;959
1311;1160;960
1312;1283;1205
1313;1283;1205
1314;1221;1090
1315;1130;1098
1316;1097;1099
1317;1134;1082
1318;1134;1207
1319;1134;1207
1320;1251;1101
1321;1152;1087
1322;1161;1201
1323;1149;1226
1324;1169;1204
1325;1152;1233
1326;1172;1111
1327;1283;1105
1328;1283;1227
1329;1228;1110
1330;1279;1225
1331;1230;1113
1332;1171;1231
1333;1148;1229
1334;1232;1237
1335;1326;1238
1336;1118;1242
1337;1245;1248
1338;1244;1247
1339;1148;1243
1340;1137;999
1341;1135;1133
1342;1250;1252
1343;1250;1255
1344;1250;984
1345;1150;1252
1346;1235;1254
1347;1206;1132
1348;1206;1340
1349;1175;1141
1350;1134;1004
1351;1272;1142
1352;1253;1139
1353;1150;1208
1354;1212;1217
1355;1150;1268
1356;1147;1017
1357;1172;1263
1358;1172;1265
1359;1137;1267
1360;1161;1280
1361;1246;1278
1362;1169;1153
1363;1172;1270
1364;1172;879
1365;1157;1026
1366;1157;1026
1367;1129;1158
1368;1172;1156
1369;1172;1271
1370;1172;1271
1371;1155;1037
1372;1273;1154
1373;1172;1276
1374;1277;1173
1375;1116;1040
1376;1174;1170
1377;1137;1179
1378;1283;1057
1379;1152;1284
1380;1117;1184
1381;1175;1186
1382;1279;1066
1383;1151;1285
1384;1212;1213
1385;1253;1216
1386;1275;1075
1387;1261;1288
1388;1197;1190
1389;1341;1289
1390;1309;1194
1391;1378;1291
1392;1187;1196
1393;1187;1196
1394;1349;1287
1395;1351;1293
1396;1351;1293
1397;1321;1298
1398;1352;1297
1399;1352;1297
1400;1352;1297
1401;1383;1299
1402;1361;1296
1403;1361;1296
1404;1355;1220
1405;1365;950
1406;1368;1313
1407;1378;1319
1408;1378;1318
1409;1355;1226
1410;1323;1322
1411;1323;1223
1412;1323;1324
1413;1338;1236
1414;1369;1327
1415;1359;1330
1416;1369;1106
1417;1359;1332
1418;1240;1334
1419;1302;1335
1420;1359;1336
1421;1337;1241
1422;1337;1241
1423;1359;1249
1424;1234;1252
1425;1172;1345
1426;1304;1343
1427;1360;1348
1428;1172;1257
1429;1261;1256
1430;1365;1260
1431;1381;1350
1432;1261;1209
1433;1331;1353
1434;1234;1264
1435;1365;1266
1436;1360;1357
1437;1234;1362
1438;1355;1162
1439;1239;1366
1440;1239;1363
1441;1355;1274
1442;1338;1364
1443;1152;1376
1444;1377;1373
1445;1377;1282
1446;1328;1382
1447;1202;1067
1448;1202;1067
1449;1172;1308
1450;1307;1311
1451;1358;1316
1452;1202;1215
1453;1365;1216
1454;1365;1216
1455;1365;1315
1456;1338;1306
1457;1172;1305
1458;1172;1214
1459;1342;1218
1460;1374;1219
1461;1428;1291
1462;1347;1290
1463;1456;1390
1464;1456;1390
1465;1456;1390
1466;1456;1390
1467;1456;1294
1468;1456;1294
1469;1344;1387
1470;1346;1300
1471;1451;1391
1472;1451;1391
1473;1457;1396
1474;1457;1396
1475;1457;1396
1476;1457;1396
1477;1459;1395
1478;1325;1317
1479;1355;1320
1480;1428;1404
1481;1453;1413
1482;1440;1415
1483;1414;1329
1484;1410;1417
1485;1337;1339
1486;1429;1422
1487;1429;1430
1488;1371;1354
1489;1303;1210
1490;1434;1432
1491;1411;1353
1492;1434;1435
1493;1360;1363
1494;1360;1367
1495;1439;1370
1496;1420;1372
1497;1429;1366
1498;1414;1437
1499;1301;1375
1500;1438;1444
1501;1441;1443
1502;1202;1380
1503;1333;1448
1504;1421;1446
1505;1385;1448
1506;1439;1310
1507;1429;1455
1508;1406;1384
1509;1409;1458
1510;1424;1454
1511;1449;1450
1512;1439;1314
1513;1442;1388
1514;1494;1387
1515;1423;1295
1516;1441;1462
1517;1426;1386
1518;1426;1386
1519;1431;1392
1520;1460;1393
1521;1460;1389
1522;1433;1388
1523;1433;1388
1524;1478;1295
1525;1427;1292
1526;1427;1292
1527;1488;1462
1528;1488;1462
1529;1496;1461
1530;1487;1467
1531;1487;1391
1532;1489;1469
1533;1489;1468
1534;1489;1468
1535;1489;1468
1536;1485;1312
1537;1303;1408
1538;1497;1408
1539;1495;1479
1540;1441;1419
1541;1492;1416
1542;1412;1481
1543;1425;1512
1544;1483;1356
1545;1418;1436
1546;1407;1372
1547;1493;1499
1548;0;0
1549;1447;1379
1550;1433;1511
1551;1445;1506
1552;1433;1452
1553;1484;1527
1554;1484;1527
1555;1484;1527
1556;1484;1527
1557;1484;1527
1558;1484;1527
1559;1484;1527
1560;1484;1527
1561;1484;1527
1562;1484;1527
1563;1484;1527
1564;1484;1527
1565;1484;1527
1566;1486;1529
1567;1486;1529
1568;1486;1529
1569;1486;1529
1570;1486;1529
1571;1486;1529
1572;1486;1529
1573;1486;1529
1574;1486;1529
1575;1486;1529
1576;1486;1529
1577;1486;1529
1578;1486;1529
1579;1486;1529
1580;1500;1465
1581;1500;1465
1582;1500;1465
1583;1500;1465
1584;1500;1465
1585;1500;1465
1586;1500;1465
1587;1500;1465
1588;1500;1465
1589;1500;1465
1590;1500;1465
1591;1500;1465
1592;1500;1465
1593;1552;1520
1594;1552;1520
1595;1552;1520
1596;1552;1520
1597;1552;1520
1598;1552;1520
1599;1552;1520
1600;1552;1520
1601;1552;1520
1602;1552;1520
1603;1552;1520
1604;1552;1520
1605;1552;1520
1606;1552;1520
1607;1505;1466
1608;1505;1466
1609;1505;1466
1610;1505;1466
1611;1505;1466
1612;1505;1466
1613;1505;1466
1614;1505;1466
1615;1505;1466
1616;1505;1466
1617;1505;1466
1618;1501;1515
1619;1501;1515
1620;1501;1515
1621;1501;1515
1622;1501;1515
1623;1501;1515
1624;1501;1515
1625;1501;1515
1626;1501;1515
1627;1501;1515
1628;1501;1515
1629;1498;1526
1630;1498;1526
1631;1498;1526
1632;1490;1522
1633;1490;1522
1634;1490;1522
1635;1490;1522
1636;1490;1522
1637;1490;1522
1638;1490;1522
1639;1490;1522
1640;1490;1522
1641;1480;1523
1642;1480;1523
1643;1480;1523
1644;1480;1523
1645;1480;1523
1646;1480;1523
1647;1480;1523
1648;1480;1523
1649;1480;1523
1650;1480;1523
1651;1480;1523
1652;1480;1523
1653;1480;1523
1654;1546;1528
1655;1546;1528
1656;1546;1528
1657;1546;1528
1658;1546;1528
1659;1546;1528
1660;1546;1528
1661;1546;1528
1662;1546;1528
1663;1546;1528
1664;1546;1528
1665;1546;1528
1666;1546;1528
1667;1502;1519
1668;1502;1519
1669;1502;1519
1670;1502;1519
1671;1502;1519
1672;1502;1519
1673;1502;1519
1674;1502;1519
1675;1502;1519
1676;1536;1525
1677;1536;1525
1678;1536;1525
1679;1536;1525
1680;1536;1525
1681;1536;1525
1682;1536;1525
1683;1536;1525
1684;1536;1525
1685;1536;1525
1686;1547;1524
1687;1547;1524
1688;1547;1524
1689;1547;1524
1690;1547;1524
1691;1547;1524
1692;1547;1524
1693;1547;1524
1694;1547;1524
1695;1547;1524
1696;1547;1524
1697;1547;1524
1698;1548;1399
1699;1548;1399
1700;1548;1399
1701;1548;1399
1702;1548;1399
1703;1548;1399
1704;1548;1399
1705;1548;1399
1706;1548;1399
1707;1548;1399
1708;1548;1399
1709;1548;1399
1710;1405;1521
1711;1405;1521
1712;1405;1521
1713;1405;1521
1714;1405;1521
1715;1405;1521
1716;1405;1521
1717;1405;1521
1718;1405;1521
1719;1405;1521
1720;1405;1521
1721;1405;1521
1722;1405;1521
1723;1503;1476
1724;1503;1476
1725;1503;1476
1726;1503;1476
1727;1503;1476
1728;1503;1476
1729;1503;1476
1730;1503;1476
1731;1503;1476
1732;1503;1476
1733;1503;1476
1734;1503;1476
1735;1503;1476
1736;1503;1476
1737;1550;1475
1738;1550;1475
1739;1550;1475
1740;1550;1475
1741;1550;1475
1742;1550;1475
1743;1550;1475
1744;1550;1475
1745;1550;1475
1746;1550;1475
1747;1550;1475
1748;1550;1475
1749;1550;1475
1750;1550;1475
1751;1550;1475
1752;1539;1470
1753;1539;1470
1754;1539;1470
1755;1539;1470
1756;1539;1470
1757;1539;1470
1758;1539;1470
1759;1539;1470
1760;1539;1470
1761;1539;1470
1762;1539;1470
1763;1543;1474
1764;1543;1474
1765;1543;1474
1766;1543;1474
1767;1543;1474
1768;1543;1474
1769;1543;1474
1770;1543;1474
1771;1543;1474
1772;1543;1474
1773;1543;1474
1774;1543;1474
1775;1543;1474
1776;1551;1473
1777;1551;1473
1778;1551;1473
1779;1551;1473
1780;1551;1473
1781;1551;1473
1782;1551;1473
1783;1551;1473
1784;1551;1473
1785;1551;1473
1786;1551;1473
1787;1551;1473
1788;1551;1473
1789;1551;1473
1790;1491;1471
1791;1491;1471
1792;1491;1471
1793;1491;1471
1794;1491;1471
1795;1491;1471
1796;1491;1471
1797;1491;1471
1798;1491;1471
1799;1491;1471
1800;1491;1471
1801;1491;1471
1802;1491;1471
1803;1491;1471
1804;1509;1477
1805;1509;1477
1806;1509;1477
1807;1509;1477
1808;1509;1477
1809;1509;1477
1810;1509;1477
1811;1509;1477
1812;1509;1477
1813;1509;1477
1814;1541;1517
1815;1541;1517
1816;1541;1517
1817;1541;1517
1818;1541;1517
1819;1541;1517
1820;1541;1517
1821;1541;1517
1822;1541;1517
1823;1541;1517
1824;1541;1517
1825;1541;1517
1826;1541;1517
1827;1544;1530
1828;1544;1530
1829;1544;1530
1830;1544;1530
1831;1544;1530
1832;1544;1530
1833;1544;1530
1834;1544;1530
1835;1544;1530
1836;1544;1530
1837;1544;1530
1838;1545;1533
1839;1545;1533
1840;1545;1533
1841;1545;1533
1842;1545;1533
1843;1545;1533
1844;1545;1533
1845;1545;1533
1846;1545;1533
1847;1545;1533
1848;1545;1533
1849;1545;1533
1850;1545;1533
1851;1504;1531
1852;1504;1531
1853;1504;1531
1854;1504;1531
1855;1504;1531
1856;1504;1531
1857;1504;1531
1858;1504;1531
1859;1504;1531
1860;1504;1531
1861;1504;1531
1862;1504;1531
1863;1504;1531
1864;1504;1531
1865;1537;1463
1866;1537;1463
1867;1537;1463
1868;1537;1463
1869;1537;1463
1870;1537;1463
1871;1537;1463
1872;1537;1463
1873;1540;1532
1874;1540;1532
1875;1540;1532
1876;1540;1532
1877;1540;1532
1878;1540;1532
1879;1540;1532
1880;1540;1532
1881;1540;1532
1882;1540;1532
1883;1540;1532
1884;1540;1532
1885;1540;1532
1886;1538;1518
1887;1538;1518
1888;1538;1518
1889;1538;1518
1890;1538;1518
1891;1538;1518
1892;1510;1472
1893;1510;1472
1894;1510;1472
1895;1510;1472
1896;1510;1472
1897;1510;1472
1898;1510;1472
1899;1510;1472
1900;1510;1472
1901;1510;1472
1902;1510;1472
1903;1510;1472
1904;1510;1472
1905;1507;1535
1906;1507;1535
1907;1507;1535
1908;1507;1535
1909;1507;1535
1910;1507;1535
1911;1507;1535
1912;1507;1535
1913;1507;1535
1914;1507;1535
1915;1507;1535
1916;1507;1535
1917;1507;1535
1918;1507;1535
1919;1507;1535
1920;1507;1535
1921;1542;1402
1922;1542;1402
1923;1542;1402
1924;1542;1402
1925;1542;1402
1926;1542;1402
1927;1542;1402
1928;1542;1402
1929;1542;1402
1930;1542;1402
1931;1542;1402
1932;1549;1534
1933;1549;1534
1934;1549;1534
1935;1549;1534
1936;1549;1534
1937;1549;1534
1938;1549;1534
1939;1549;1534
1940;1549;1534
1941;1549;1534
1942;1549;1534
1943;1549;1534
1944;1549;1534
1945;1484;1527
1946;1484;1527
1947;1500;1465
1948;1500;1465
1949;1484;1527
1950;1486;1529
1951;1486;1529
1952;1486;1529
1953;1486;1529
1954;1486;1529
1955;1505;1466
1956;1505;1466
1957;1505;1466
1958;1501;1515
1959;1501;1515
1960;1552;1520
1961;1552;1520
1962;1552;1520
1963;1552;1520
1964;1552;1520
1965;1552;1520
1966;1498;1526
1967;1498;1526
1968;1498;1526
1969;1498;1526
1970;1498;1526
1971;1498;1526
1972;1498;1526
1973;1498;1526
1974;1490;1522
1975;1490;1522
1976;1490;1522
1977;1490;1522
1978;1502;1519
1979;1502;1519
1980;1502;1519
1981;1480;1523
1982;1480;1523
1983;1490;1522
1984;1490;1522
1985;1490;1522
1986;1536;1525
1987;1536;1525
1988;1536;1525
1989;1536;1525
1990;1536;1525
1991;1536;1525
1992;1536;1525
1993;1505;1466
1994;1498;1526
1995;1502;1519
1996;1405;1521
1997;1405;1521
1998;1405;1521
1999;1405;1521
2000;1503;1476
2001;1503;1476
2002;1503;1476
2003;1503;1476
2004;1550;1475
2005;1550;1475
2006;1550;1475
2007;1550;1475
2008;1539;1470
2009;1509;1477
2010;1543;1474
2011;1543;1474
2012;1543;1474
2013;1491;1471
2014;1491;1471
2015;1543;1474
2016;1543;1474
2017;1551;1473
2018;1541;1517
2019;1491;1471
2020;1509;1477
2021;1537;1463
2022;1544;1530
2023;1544;1530
2024;1544;1530
2025;1544;1530
2026;1544;1530
2027;1545;1533
2028;1545;1533
2029;1545;1533
2030;1504;1531
2031;1504;1531
2032;1504;1531
2033;1540;1532
2034;1540;1532
2035;1540;1532
2036;1507;1535
2037;1538;1518
2038;1510;1472
2039;1510;1472
2040;1510;1472
2041;1510;1472
2042;1510;1472
2043;1542;1402
2044;1542;1402
2045;1542;1402
2046;1542;1402
2047;1542;1402
2048;1549;1534
2049;1549;1534
2050;1549;1534
2051;1549;1534
2052;1549;1534
2053;1508;1482
2054;1636;1571
2055;1636;1571
2056;1636;1571
2057;1636;1571
2058;1636;1571
2059;1636;1571
2060;1636;1571
2061;1636;1571
2062;1636;1571
2063;1636;1571
2064;1636;1571
2065;1636;1571
2066;1636;1571
2067;1636;1571
2068;1636;1571
2069;1842;1670
2070;1842;1670
2071;1842;1670
2072;1842;1670
2073;1842;1670
2074;1842;1670
2075;1842;1670
2076;1842;1670
2077;1842;1670
2078;1842;1670
2079;1842;1670
2080;1842;1670
2081;1842;1670
2082;1863;1658
2083;1863;1658
2084;1863;1658
2085;1863;1658
2086;1863;1658
2087;1863;1658
2088;1863;1658
2089;1863;1658
2090;1863;1658
2091;1863;1658
2092;1863;1658
2093;1863;1658
2094;1863;1658
2095;1863;1658
2096;1863;1658
2097;1863;1658
2098;1863;1658
2099;1941;1630
2100;1941;1630
2101;1941;1630
2102;1941;1630
2103;1941;1630
2104;1941;1630
2105;1941;1630
2106;1941;1630
2107;1941;1630
2108;1941;1630
2109;1941;1630
2110;1941;1630
2111;1694;1714
2112;1694;1714
2113;1694;1714
2114;1694;1714
2115;1694;1714
2116;1694;1714
2117;1694;1714
2118;1694;1714
2119;1694;1714
2120;1694;1714
2121;1694;1714
2122;1694;1714
2123;1694;1714
2124;1694;1714
2125;1694;1714
2126;1694;1714
2127;1736;1668
2128;1736;1668
2129;1736;1668
2130;1736;1668
2131;1736;1668
2132;1736;1668
2133;1736;1668
2134;1736;1668
2135;1736;1668
2136;1736;1668
2137;1736;1668
2138;1736;1668
2139;1736;1668
2140;1736;1668
2141;1736;1668
2142;1578;1642
2143;1578;1642
2144;1578;1642
2145;1578;1642
2146;1578;1642
2147;1578;1642
2148;1578;1642
2149;1578;1642
2150;1578;1642
2151;1578;1642
2152;1578;1642
2153;1578;1642
2154;1578;1642
2155;1578;1642
2156;1578;1642
2157;1585;1558
2158;1585;1558
2159;1585;1558
2160;1585;1558
2161;1585;1558
2162;1585;1558
2163;1585;1558
2164;1585;1558
2165;1585;1558
2166;1585;1558
2167;1585;1558
2168;2053;1634
2169;2053;1634
2170;2053;1634
2171;2053;1634
2172;2053;1634
2173;2053;1634
2174;2053;1634
2175;2053;1634
2176;2053;1634
2177;1636;1645
2178;1636;1645
2179;1636;1645
2180;1636;1645
2181;1636;1645
2182;1636;1645
2183;1636;1645
2184;1636;1645
2185;1636;1645
2186;1636;1645
2187;1636;1645
2188;1636;1645
2189;1636;1645
2190;1636;1645
2191;1636;1645
2192;1941;1688
2193;1941;1688
2194;1941;1688
2195;1941;1688
2196;1941;1688
2197;1941;1688
2198;1941;1688
2199;1941;1688
2200;1941;1688
2201;1941;1688
2202;1585;1593
2203;1585;1593
2204;1585;1593
2205;1585;1593
2206;1585;1593
2207;1585;1593
2208;1585;1593
2209;1585;1593
2210;1585;1593
2211;1585;1593
2212;1585;1593
2213;1585;1593
2214;1585;1593
2215;1578;1700
2216;1578;1700
2217;1578;1700
2218;1578;1700
2219;1578;1700
2220;1578;1700
2221;1578;1700
2222;1578;1700
2223;1578;1700
2224;1578;1700
2225;1578;1700
2226;1578;1700
2227;1891;1618
2228;1891;1618
2229;1891;1618
2230;1891;1618
2231;1891;1618
2232;1891;1618
2233;1891;1618
2234;1891;1618
2235;1891;1618
2236;1891;1618
2237;1891;1618
2238;1842;1629
2239;1842;1629
2240;1842;1629
2241;1842;1629
2242;1842;1629
2243;1842;1629
2244;1842;1629
2245;1842;1629
2246;1842;1629
2247;1842;1629
2248;1842;1629
2249;1842;1629
2250;1842;1629
2251;1842;1629
2252;1918;1580
2253;1918;1580
2254;1918;1580
2255;1918;1580
2256;1918;1580
2257;1918;1580
2258;1863;1687
2259;1863;1687
2260;1863;1687
2261;1863;1687
2262;1863;1687
2263;1863;1687
2264;1863;1687
2265;1863;1687
2266;1863;1687
2267;1863;1687
2268;1863;1687
2269;1863;1687
2270;1863;1687
2271;1636;1932
2272;1636;1932
2273;1636;1932
2274;1636;1932
2275;1636;1932
2276;1636;1932
2277;1636;1932
2278;1636;1932
2279;1636;1932
2280;1941;1726
2281;1941;1726
2282;1941;1726
2283;1941;1726
2284;1941;1726
2285;1941;1726
2286;1941;1726
2287;1941;1726
2288;1941;1726
2289;1941;1726
2290;1941;1726
2291;1941;1726
2292;1941;1726
2293;1941;1726
2294;1578;1934
2295;1578;1934
2296;1578;1934
2297;1578;1934
2298;1578;1934
2299;1578;1934
2300;1578;1934
2301;1578;1934
2302;1578;1934
2303;1578;1934
2304;1842;1712
2305;1842;1712
2306;1842;1712
2307;1842;1712
2308;1842;1712
2309;1842;1712
2310;1842;1712
2311;1842;1712
2312;1842;1712
2313;1842;1712
2314;1578;1815
2315;1578;1815
2316;1578;1815
2317;1578;1815
2318;1578;1815
2319;1578;1815
2320;1904;1841
2321;1904;1841
2322;1904;1841
2323;1904;1841
2324;1891;1892
2325;1891;1892
2326;1891;1892
2327;1891;1892
2328;1891;1892
2329;1891;1892
2330;1891;1892
2331;1891;1892
2332;1891;1892
2333;1891;1892
2334;1891;1892
2335;1891;1892
2336;1603;1907
2337;1603;1907
2338;1603;1907
2339;1694;1572
2340;1694;1572
2341;1694;1572
2342;1694;1572
2343;1694;1572
2344;1694;1572
2345;1694;1572
2346;1694;1572
2347;1694;1572
2348;1694;1572
2349;1694;1572
2350;1863;1865
2351;1863;1865
2352;1863;1865
2353;1863;1865
2354;1863;1865
2355;1863;1865
2356;1863;1865
2357;1863;1865
2358;1863;1865
2359;1863;1865
2360;1863;1865
2361;1863;1865
2362;1585;1856
2363;1585;1856
2364;1585;1856
2365;1585;1856
2366;1585;1856
2367;1585;1856
2368;1585;1856
2369;1585;1856
2370;1585;1856
2371;1585;1856
2372;1585;1856
2373;1585;1856
2374;1891;1838
2375;1891;1838
2376;1891;1838
2377;1891;1838
2378;1891;1838
2379;1891;1838
2380;1891;1838
2381;1891;1838
2382;1891;1838
2383;1891;1838
2384;1891;1838
2385;1904;1680
2386;1904;1680
2387;1904;1680
2388;1904;1680
2389;1904;1680
2390;1904;1680
2391;1904;1680
2392;1904;1680
2393;1904;1680
2394;1904;1680
2395;1904;1680
2396;1904;1680
2397;1904;1680
2398;1904;1680
2399;1904;1680
2400;1904;1680
2401;1904;1680
2402;1904;1680
2403;1842;1698
2404;1842;1698
2405;1842;1698
2406;1842;1698
2407;1842;1698
2408;1842;1698
2409;1842;1698
2410;1842;1698
2411;1842;1698
2412;1842;1698
2413;1842;1698
2414;1842;1698
2415;1842;1698
2416;1842;1698
2417;1842;1698
2418;1842;1698
2419;1736;1676
2420;1736;1676
2421;1736;1676
2422;1736;1676
2423;1736;1676
2424;1736;1676
2425;1736;1676
2426;1736;1676
2427;1736;1676
2428;1736;1676
2429;1736;1676
2430;1736;1676
2431;1736;1676
2432;1736;1676
2433;1736;1676
2434;1736;1676
2435;1603;1752
2436;1603;1752
2437;1603;1752
2438;1603;1752
2439;1603;1752
2440;1603;1752
2441;1904;1875
2442;1904;1875
2443;1904;1875
2444;1904;1875
2445;1904;1875
2446;1904;1875
2447;1904;1875
2448;1904;1875
2449;1904;1875
2450;1904;1875
2451;1585;1763
2452;1585;1763
2453;1585;1763
2454;1585;1763
2455;1585;1763
2456;1585;1763
2457;1585;1763
2458;1585;1763
2459;1585;1763
2460;1585;1763
2461;1585;1763
2462;1585;1763
2463;1863;1906
2464;1863;1906
2465;1863;1906
2466;1863;1906
2467;1863;1906
2468;1863;1906
2469;1863;1906
2470;1863;1906
2471;1863;1906
2472;1863;1906
2473;1863;1906
2474;1863;1906
2475;1863;1906
2476;1863;1906
2477;1863;1906
2478;1891;1866
2479;1891;1866
2480;1891;1866
2481;1891;1866
2482;1891;1866
2483;1891;1866
2484;1891;1866
2485;1891;1866
2486;1891;1866
2487;1891;1866
2488;1891;1866
2489;1891;1866
2490;1891;1866
2491;1891;1866
2492;1636;1827
2493;1636;1827
2494;1636;1827
2495;1636;1827
2496;1636;1827
2497;1636;1827
2498;1636;1827
2499;1636;1827
2500;1636;1827
2501;1636;1827
2502;1941;1857
2503;1941;1857
2504;1941;1857
2505;1941;1857
2506;1941;1857
2507;1941;1857
2508;1941;1857
2509;1941;1857
2510;1941;1857
2511;1941;1857
2512;1941;1857
2513;1941;1857
2514;1941;1857
2515;1694;1766
2516;1694;1766
2517;1694;1766
2518;1694;1766
2519;1694;1766
2520;1694;1766
2521;1694;1766
2522;1694;1766
2523;1694;1766
2524;1904;1818
2525;1904;1818
2526;1904;1818
2527;1904;1818
2528;1904;1818
2529;1904;1818
2530;1904;1818
2531;1904;1818
2532;1904;1818
2533;1904;1818
2534;1904;1818
2535;1904;1818
2536;1904;1818
2537;1904;1818
2538;1904;1818
2539;1904;1818
2540;1904;1818
2541;1904;1818
2542;1904;1818
2543;1578;1790
2544;1578;1790
2545;1578;1790
2546;1578;1790
2547;1578;1790
2548;1578;1790
2549;1578;1790
2550;1578;1790
2551;1578;1790
2552;1578;1790
2553;1578;1790
2554;1578;1790
2555;1578;1790
2556;1578;1790
2557;1578;1790
2558;1578;1790
2559;1578;1790
2560;1578;1790
2561;1941;1873
2562;1941;1873
2563;1941;1873
2564;1941;1873
2565;1941;1873
2566;1941;1873
2567;1941;1873
2568;1941;1873
2569;1941;1873
2570;1941;1873
2571;1941;1873
2572;1941;1873
2573;1941;1873
2574;1941;1873
2575;1918;1886
2576;1918;1886
2577;1918;1886
2578;1918;1886
2579;1918;1886
2580;1918;1886
2581;1918;1886
2582;1918;1886
2583;1918;1886
2584;1918;1886
2585;1918;1886
2586;1918;1886
2587;1603;1805
2588;1603;1805
2589;1603;1805
2590;1603;1805
2591;1603;1805
2592;1603;1805
2593;1603;1805
2594;1603;1805
2595;1603;1805
2596;1603;1805
2597;1603;1805
2598;1603;1805
2599;1603;1805
2600;1603;1805
2601;1603;1805
2602;1842;1896
2603;1842;1896
2604;1842;1896
2605;1842;1896
2606;1842;1896
2607;1842;1896
2608;1842;1896
2609;1842;1896
2610;1842;1896
2611;1842;1896
2612;1842;1896
2613;1736;1935
2614;1736;1935
2615;1736;1935
2616;1736;1935
2617;1736;1935
2618;1736;1935
2619;1736;1935
2620;1736;1935
2621;1736;1935
2622;1736;1935
2623;1736;1935
2624;1736;1935
2625;1736;1935
2626;1736;1935
2627;1736;1935
2628;1842;1670
2629;1842;1670
2630;1842;1670
2631;1842;1670
2632;1636;1571
2633;1636;1571
2634;1863;1658
2635;1863;1658
2636;1694;1714
2637;1941;1630
2638;1578;1642
2639;1585;1558
2640;1585;1558
2641;1585;1593
2642;1585;1593
2643;1585;1593
2644;1941;1688
2645;1578;1700
2646;1578;1700
2647;1891;1557
2648;1891;1557
2649;1891;1557
2650;1891;1557
2651;1891;1557
2652;1891;1557
2653;1891;1557
2654;1891;1557
2655;1891;1557
2656;1891;1557
2657;1918;1580
2658;1842;1629
2659;1842;1629
2660;1863;1687
2661;1863;1687
2662;1863;1687
2663;1941;1726
2664;1941;1726
2665;1941;1726
2666;1694;1572
2667;1842;1712
2668;1842;1712
2669;1578;1815
2670;1842;1712
2671;1891;1892
2672;1891;1892
2673;1891;1892
2674;1603;1907
2675;1863;1865
2676;1863;1865
2677;1585;1856
2678;1904;1680
2679;1904;1680
2680;1842;1698
2681;1603;1752
2682;1603;1752
2683;1603;1752
2684;1603;1752
2685;1603;1752
2686;1904;1875
2687;1904;1875
2688;1904;1875
2689;1904;1875
2690;1863;1906
2691;1891;1866
2692;1891;1866
2693;1941;1857
2694;1941;1857
2695;1941;1857
2696;1694;1766
2697;1694;1766
2698;1694;1766
2699;1694;1766
2700;1636;1827
2701;1636;1827
2702;1636;1827
2703;1636;1827
2704;1636;1827
2705;1636;1827
2706;1636;1827
2707;1636;1827
2708;1694;1766
2709;1941;1873
2710;1918;1886
2711;1918;1886
2712;1918;1886
2713;1603;1805
2714;1603;1805
2715;1842;1896
2716;1842;1896
2717;1842;1896
2718;1842;1896
2719;2156;2137
2720;2156;2137
2721;2156;2137
2722;2156;2137
2723;2156;2137
2724;2156;2137
2725;2156;2137
2726;2156;2137
2727;2156;2137
2728;2156;2137
2729;2156;2137
2730;2156;2137
2731;2156;2137
2732;2156;2137
2733;2349;2146
2734;2349;2146
2735;2349;2146
2736;2349;2146
2737;2349;2146
2738;2349;2146
2739;2349;2146
2740;2349;2146
2741;2349;2146
2742;2349;2146
2743;2349;2146
2744;2235;2215
2745;2235;2215
2746;2235;2215
2747;2235;2215
2748;2235;2215
2749;2235;2215
2750;2235;2215
2751;2235;2215
2752;2235;2215
2753;2235;2215
2754;2235;2215
2755;2235;2215
2756;2601;2193
2757;2601;2193
2758;2601;2193
2759;2601;2193
2760;2601;2193
2761;2601;2193
2762;2601;2193
2763;2601;2193
2764;2601;2193
2765;2601;2193
2766;2601;2193
2767;2601;2193
2768;2601;2193
2769;2255;2076
2770;2255;2076
2771;2255;2076
2772;2255;2076
2773;2255;2076
2774;2255;2076
2775;2255;2076
2776;2255;2076
2777;2255;2076
2778;2255;2076
2779;2255;2076
2780;2269;2070
2781;2269;2070
2782;2269;2070
2783;2269;2070
2784;2269;2070
2785;2269;2070
2786;2269;2070
2787;2269;2070
2788;2269;2070
2789;2269;2070
2790;2269;2070
2791;2269;2070
2792;2269;2070
2793;2415;2056
2794;2415;2056
2795;2415;2056
2796;2415;2056
2797;2415;2056
2798;2415;2056
2799;2415;2056
2800;2415;2056
2801;2415;2056
2802;2415;2056
2803;2415;2056
2804;2415;2056
2805;2415;2056
2806;2415;2056
2807;2415;2056
2808;2415;2056
2809;2415;2056
2810;2415;2056
2811;2415;2056
2812;2499;2158
2813;2499;2158
2814;2499;2158
2815;2499;2158
2816;2499;2158
2817;2499;2158
2818;2499;2158
2819;2499;2158
2820;2499;2158
2821;2499;2158
2822;2499;2158
2823;2499;2158
2824;2499;2158
2825;2499;2158
2826;2499;2158
2827;2499;2158
2828;2499;2158
2829;2255;2203
2830;2255;2203
2831;2255;2203
2832;2255;2203
2833;2255;2203
2834;2255;2203
2835;2255;2203
2836;2255;2203
2837;2255;2203
2838;2255;2203
2839;2255;2203
2840;2255;2203
2841;2457;2060
2842;2457;2060
2843;2457;2060
2844;2457;2060
2845;2457;2060
2846;2457;2060
2847;2457;2060
2848;2457;2060
2849;2457;2060
2850;2457;2060
2851;2507;2228
2852;2507;2228
2853;2507;2228
2854;2507;2228
2855;2507;2228
2856;2507;2228
2857;2507;2228
2858;2507;2228
2859;2507;2228
2860;2507;2228
2861;2507;2228
2862;2507;2228
2863;2507;2228
2864;2507;2228
2865;2507;2228
2866;2601;2229
2867;2601;2229
2868;2601;2229
2869;2601;2229
2870;2601;2229
2871;2156;2111
2872;2156;2111
2873;2156;2111
2874;2156;2111
2875;2156;2111
2876;2156;2111
2877;2156;2111
2878;2156;2111
2879;2156;2111
2880;2156;2111
2881;2156;2111
2882;2156;2111
2883;2156;2111
2884;2156;2111
2885;2156;2111
2886;2156;2111
2887;2156;2111
2888;2373;2242
2889;2373;2242
2890;2373;2242
2891;2373;2242
2892;2373;2242
2893;2373;2242
2894;2373;2242
2895;2507;2220
2896;2507;2220
2897;2507;2220
2898;2507;2220
2899;2507;2220
2900;2507;2220
2901;2507;2220
2902;2373;2253
2903;2373;2253
2904;2373;2253
2905;2373;2253
2906;2373;2253
2907;2373;2253
2908;2373;2253
2909;2373;2253
2910;2373;2253
2911;2373;2253
2912;2373;2253
2913;2373;2253
2914;2373;2253
2915;2373;2253
2916;2156;2337
2917;2156;2337
2918;2156;2337
2919;2156;2337
2920;2156;2337
2921;2156;2337
2922;2156;2337
2923;2156;2337
2924;2156;2337
2925;2156;2337
2926;2156;2337
2927;2156;2337
2928;2373;2274
2929;2373;2274
2930;2373;2274
2931;2373;2274
2932;2373;2274
2933;2373;2274
2934;2373;2274
2935;2373;2274
2936;2373;2274
2937;2373;2274
2938;2373;2274
2939;2415;2350
2940;2415;2350
2941;2415;2350
2942;2415;2350
2943;2415;2350
2944;2415;2350
2945;2415;2350
2946;2415;2350
2947;2415;2350
2948;2156;2325
2949;2156;2325
2950;2156;2325
2951;2156;2325
2952;2156;2325
2953;2156;2325
2954;2156;2325
2955;2156;2325
2956;2156;2325
2957;2156;2325
2958;2156;2325
2959;2156;2325
2960;2156;2325
2961;2156;2325
2962;2433;2316
2963;2433;2316
2964;2433;2316
2965;2433;2316
2966;2433;2316
2967;2433;2316
2968;2433;2316
2969;2433;2316
2970;2433;2316
2971;2433;2316
2972;2433;2316
2973;2433;2316
2974;2433;2316
2975;2433;2316
2976;2235;2282
2977;2235;2282
2978;2235;2282
2979;2235;2282
2980;2235;2282
2981;2235;2282
2982;2235;2282
2983;2235;2282
2984;2235;2282
2985;2235;2282
2986;2235;2282
2987;2235;2282
2988;2235;2282
2989;2269;2321
2990;2269;2321
2991;2269;2321
2992;2269;2321
2993;2269;2321
2994;2269;2321
2995;2269;2321
2996;2269;2321
2997;2269;2321
2998;2269;2321
2999;2269;2321
3000;2457;2306
3001;2457;2306
3002;2457;2306
3003;2457;2306
3004;2255;2308
3005;2269;2364
3006;2269;2364
3007;2269;2364
3008;2269;2364
3009;2269;2364
3010;2269;2364
3011;2269;2364
3012;2269;2364
3013;2269;2364
3014;2235;2423
3015;2235;2423
3016;2235;2423
3017;2235;2423
3018;2235;2423
3019;2235;2423
3020;2235;2423
3021;2235;2423
3022;2235;2423
3023;2235;2423
3024;2235;2423
3025;2235;2423
3026;2373;2394
3027;2373;2394
3028;2373;2394
3029;2373;2394
3030;2373;2394
3031;2373;2394
3032;2373;2394
3033;2373;2394
3034;2373;2394
3035;2349;2329
3036;2349;2329
3037;2349;2329
3038;2349;2329
3039;2349;2329
3040;2349;2329
3041;2349;2329
3042;2349;2329
3043;2349;2329
3044;2349;2329
3045;2349;2329
3046;2415;2362
3047;2415;2362
3048;2415;2362
3049;2415;2362
3050;2415;2362
3051;2433;2341
3052;2433;2341
3053;2433;2341
3054;2433;2341
3055;2433;2341
3056;2433;2341
3057;2433;2341
3058;2433;2341
3059;2433;2341
3060;2433;2341
3061;2433;2341
3062;2433;2341
3063;2433;2341
3064;2457;2467
3065;2457;2467
3066;2457;2467
3067;2457;2467
3068;2457;2467
3069;2457;2467
3070;2457;2467
3071;2457;2467
3072;2457;2467
3073;2457;2467
3074;2457;2467
3075;2457;2467
3076;2457;2467
3077;2457;2467
3078;2457;2467
3079;2457;2467
3080;2457;2467
3081;2457;2467
3082;2457;2467
3083;2457;2467
3084;2457;2467
3085;2255;2492
3086;2255;2492
3087;2255;2492
3088;2255;2492
3089;2255;2492
3090;2255;2492
3091;2255;2492
3092;2255;2492
3093;2255;2492
3094;2255;2492
3095;2255;2492
3096;2433;2480
3097;2433;2480
3098;2433;2480
3099;2433;2480
3100;2433;2480
3101;2433;2480
3102;2433;2480
3103;2433;2480
3104;2433;2480
3105;2433;2480
3106;2433;2480
3107;2433;2480
3108;2433;2480
3109;2433;2480
3110;2601;2296
3111;2601;2296
3112;2601;2296
3113;2601;2296
3114;2601;2296
3115;2601;2296
3116;2601;2296
3117;2601;2296
3118;2601;2296
3119;2601;2296
3120;2601;2296
3121;2601;2296
3122;2601;2296
3123;2499;2310
3124;2499;2310
3125;2499;2310
3126;2499;2310
3127;2499;2310
3128;2499;2310
3129;2499;2310
3130;2499;2310
3131;2499;2310
3132;2499;2310
3133;2499;2310
3134;2499;2310
3135;2499;2310
3136;2499;2310
3137;2499;2310
3138;2255;2441
3139;2255;2441
3140;2255;2441
3141;2255;2441
3142;2255;2441
3143;2255;2441
3144;2255;2441
3145;2255;2441
3146;2255;2441
3147;2255;2441
3148;2255;2441
3149;2255;2441
3150;2255;2441
3151;2255;2441
3152;2156;2566
3153;2156;2566
3154;2156;2566
3155;2156;2566
3156;2156;2566
3157;2156;2566
3158;2156;2566
3159;2156;2566
3160;2156;2566
3161;2156;2566
3162;2156;2566
3163;2156;2566
3164;2156;2566
3165;2415;2576
3166;2415;2576
3167;2415;2576
3168;2415;2576
3169;2415;2576
3170;2415;2576
3171;2415;2576
3172;2415;2576
3173;2415;2576
3174;2415;2576
3175;2415;2576
3176;2415;2576
3177;2415;2576
3178;2373;2159
3179;2373;2159
3180;2373;2159
3181;2373;2159
3182;2373;2159
3183;2373;2159
3184;2373;2159
3185;2373;2159
3186;2373;2159
3187;2373;2159
3188;2373;2159
3189;2373;2159
3190;2373;2159
3191;2373;2159
3192;2373;2159
3193;2373;2159
3194;2235;2590
3195;2235;2590
3196;2235;2590
3197;2235;2590
3198;2235;2590
3199;2235;2590
3200;2235;2590
3201;2235;2590
3202;2235;2590
3203;2235;2590
3204;2235;2590
3205;2235;2590
3206;2499;2468
3207;2499;2468
3208;2499;2468
3209;2499;2468
3210;2499;2468
3211;2499;2468
3212;2499;2468
3213;2499;2468
3214;2499;2468
3215;2499;2468
3216;2499;2468
3217;2349;2544
3218;2349;2544
3219;2349;2544
3220;2349;2544
3221;2349;2544
3222;2349;2544
3223;2349;2544
3224;2415;2453
3225;2415;2453
3226;2415;2453
3227;2415;2453
3228;2415;2453
3229;2507;2593
3230;2507;2593
3231;2507;2593
3232;2507;2593
3233;2507;2593
3234;2507;2593
3235;2507;2593
3236;2507;2593
3237;2507;2593
3238;2507;2593
3239;2507;2593
3240;2507;2593
3241;2507;2593
3242;2507;2593
3243;2507;2593
3244;2507;2593
3245;2507;2593
3246;2507;2618
3247;2507;2618
3248;2507;2618
3249;2507;2618
3250;2507;2618
3251;2507;2618
3252;2507;2618
3253;2507;2618
3254;2507;2618
3255;2507;2618
3256;2507;2618
3257;2507;2618
3258;2507;2618
3259;2507;2618
3260;2507;2618
3261;2507;2618
3262;2507;2618
3263;2235;2517
3264;2235;2517
3265;2235;2517
3266;2235;2517
3267;2235;2517
3268;2235;2517
3269;2601;2284
3270;2601;2284
3271;2601;2284
3272;2601;2284
3273;2601;2284
3274;2601;2284
3275;2601;2284
3276;2601;2284
3277;2601;2284
3278;2601;2284
3279;2601;2284
3280;2601;2284
3281;2601;2284
3282;2601;2284
3283;2269;2157
3284;2269;2157
3285;2269;2157
3286;2269;2157
3287;2269;2157
3288;2269;2157
3289;2269;2157
3290;2269;2157
3291;2269;2157
3292;2269;2157
3293;2269;2157
3294;2269;2157
3295;2269;2157
3296;2269;2157
3297;2156;2137
3298;2156;2137
3299;2156;2137
3300;2349;2146
3301;2349;2146
3302;2269;2070
3303;2255;2076
3304;2255;2203
3305;2255;2203
3306;2255;2203
3307;2255;2203
3308;2507;2228
3309;2507;2228
3310;2415;2056
3311;2415;2056
3312;2457;2060
3313;2457;2060
3314;2457;2060
3315;2507;2228
3316;2156;2111
3317;2373;2242
3318;2156;2111
3319;2373;2242
3320;2373;2253
3321;2156;2337
3322;2156;2337
3323;2156;2337
3324;2156;2337
3325;2415;2350
3326;2415;2350
3327;2415;2350
3328;2415;2350
3329;2415;2350
3330;2415;2350
3331;2415;2350
3332;2415;2350
3333;2415;2350
3334;2415;2350
3335;2415;2350
3336;2373;2274
3337;2433;2316
3338;2156;2325
3339;2235;2282
3340;2235;2282
3341;2235;2282
3342;2235;2282
3343;2235;2282
3344;2235;2282
3345;2269;2321
3346;2156;2325
3347;2433;2316
3348;2269;2321
3349;2457;2306
3350;2373;2394
3351;2349;2329
3352;2235;2423
3353;2235;2423
3354;2235;2423
3355;2235;2423
3356;2255;2308
3357;2269;2364
3358;2349;2329
3359;2349;2329
3360;2433;2341
3361;2415;2362
3362;2415;2362
3363;2415;2362
3364;2433;2341
3365;2457;2467
3366;2255;2492
3367;2255;2492
3368;2255;2492
3369;2255;2492
3370;2433;2480
3371;2433;2480
3372;2433;2480
3373;2601;2296
3374;2433;2480
3375;2499;2310
3376;2156;2566
3377;2255;2441
3378;2255;2441
3379;2499;2310
3380;2499;2310
3381;2415;2576
3382;2415;2576
3383;2415;2576
3384;2415;2576
3385;2415;2576
3386;2235;2590
3387;2235;2590
3388;2235;2590
3389;2235;2590
3390;2235;2590
3391;2235;2590
3392;2235;2590
3393;2499;2468
3394;2499;2468
3395;2499;2468
3396;2499;2468
3397;2415;2453
3398;2415;2453
3399;2507;2618
3400;2507;2618
3401;2235;2517
3402;2601;2284
3403;2269;2157
3404;2235;2137
3405;2235;2137
3406;2235;2137
3407;2235;2137
3408;2235;2137
3409;2235;2137
3410;2235;2137
3411;2235;2137
3412;2235;2137
3413;2235;2137
3414;2235;2137
3415;2349;2146
3416;2349;2146
3417;2349;2146
3418;2349;2146
3419;2349;2146
3420;2349;2146
3421;2349;2146
3422;2349;2146
3423;2349;2146
3424;2349;2146
3425;2349;2146
3426;2349;2146
3427;2349;2146
3428;2349;2146
3429;2349;2146
3430;2349;2146
3431;2349;2146
3432;2349;2146
3433;2255;2070
3434;2255;2070
3435;2255;2070
3436;2255;2070
3437;2255;2070
3438;2255;2070
3439;2255;2070
3440;2255;2070
3441;2255;2070
3442;2255;2070
3443;2255;2070
3444;2255;2070
3445;2255;2203
3446;2255;2203
3447;2255;2203
3448;2255;2203
3449;2255;2203
3450;2255;2203
3451;2255;2203
3452;2255;2203
3453;2255;2203
3454;2255;2203
3455;2255;2203
3456;2255;2203
3457;2255;2203
3458;2255;2203
3459;2255;2203
3460;2255;2203
3461;2507;2342
3462;2507;2342
3463;2507;2342
3464;2507;2342
3465;2507;2342
3466;2507;2342
3467;2507;2342
3468;2507;2342
3469;2507;2342
3470;2507;2228
3471;2507;2228
3472;2507;2228
3473;2507;2228
3474;2507;2228
3475;2507;2228
3476;2507;2228
3477;2507;2228
3478;2507;2228
3479;2507;2228
3480;2507;2228
3481;2507;2228
3482;2507;2228
3483;2507;2228
3484;2507;2228
3485;2507;2228
3486;2235;2104
3487;2235;2104
3488;2235;2104
3489;2373;2056
3490;2373;2056
3491;2373;2056
3492;2373;2056
3493;2373;2056
3494;2373;2056
3495;2373;2056
3496;2373;2056
3497;2373;2056
3498;2373;2056
3499;2373;2056
3500;2373;2056
3501;2373;2056
3502;2373;2056
3503;2373;2056
3504;2373;2056
3505;2373;2056
3506;2373;2056
3507;2499;2322
3508;2499;2322
3509;2499;2322
3510;2499;2322
3511;2499;2322
3512;2499;2322
3513;2499;2322
3514;2499;2322
3515;2499;2322
3516;2499;2322
3517;2499;2322
3518;2499;2322
3519;2499;2322
3520;2499;2322
3521;2499;2322
3522;2499;2322
3523;2507;2220
3524;2507;2220
3525;2507;2220
3526;2507;2220
3527;2507;2220
3528;2507;2220
3529;2507;2220
3530;2507;2220
3531;2507;2220
3532;2507;2220
3533;2507;2220
3534;2507;2220
3535;2507;2220
3536;2507;2220
3537;2499;2076
3538;2499;2076
3539;2499;2076
3540;2499;2076
3541;2499;2076
3542;2499;2076
3543;2499;2076
3544;2499;2076
3545;2499;2076
3546;2499;2076
3547;2499;2076
3548;2499;2076
3549;2499;2076
3550;2499;2076
3551;2499;2076
3552;2499;2076
3553;2499;2076
3554;2349;2193
3555;2349;2193
3556;2349;2193
3557;2349;2193
3558;2349;2193
3559;2349;2193
3560;2349;2193
3561;2349;2193
3562;2349;2193
3563;2349;2193
3564;2349;2193
3565;2349;2229
3566;2349;2229
3567;2349;2229
3568;2349;2229
3569;2349;2229
3570;2349;2229
3571;2349;2229
3572;2349;2229
3573;2349;2229
3574;2349;2229
3575;2349;2229
3576;2349;2229
3577;2349;2229
3578;2349;2590
3579;2349;2590
3580;2349;2590
3581;2349;2590
3582;2349;2590
3583;2349;2590
3584;2349;2590
3585;2349;2590
3586;2349;2590
3587;2349;2590
3588;2349;2590
3589;2349;2590
3590;2349;2590
3591;2349;2590
3592;2349;2590
3593;2373;2492
3594;2373;2492
3595;2373;2492
3596;2373;2492
3597;2373;2492
3598;2373;2492
3599;2373;2492
3600;2373;2492
3601;2373;2492
3602;2373;2492
3603;2373;2492
3604;2373;2492
3605;2373;2492
3606;2373;2492
3607;2373;2492
3608;2373;2492
3609;2373;2492
3610;2235;2284
3611;2235;2284
3612;2235;2284
3613;2235;2284
3614;2235;2284
3615;2235;2284
3616;2235;2284
3617;2235;2284
3618;2235;2284
3619;2235;2284
3620;2235;2284
3621;2235;2284
3622;2235;2284
3623;2235;2284
3624;2235;2284
3625;2235;2284
3626;2235;2284
3627;2255;2274
3628;2255;2274
3629;2255;2274
3630;2255;2274
3631;2255;2274
3632;2255;2274
3633;2255;2274
3634;2255;2274
3635;2255;2274
3636;2255;2274
3637;2255;2274
3638;2255;2274
3639;2255;2274
3640;2255;2274
3641;2255;2274
3642;2499;2467
3643;2499;2467
3644;2499;2467
3645;2499;2467
3646;2499;2467
3647;2499;2467
3648;2499;2467
3649;2499;2467
3650;2499;2467
3651;2499;2467
3652;2499;2467
3653;2499;2467
3654;2499;2467
3655;2499;2467
3656;2499;2467
3657;2499;2467
3658;2499;2467
3659;2499;2467
3660;2499;2467
3661;2499;2467
3662;2235;2296
3663;2235;2296
3664;2235;2296
3665;2235;2296
3666;2235;2296
3667;2235;2296
3668;2235;2296
3669;2235;2296
3670;2235;2296
3671;2235;2296
3672;2235;2296
3673;2235;2296
3674;2235;2296
3675;2235;2296
3676;2235;2296
3677;2255;2310
3678;2255;2310
3679;2255;2310
3680;2255;2310
3681;2255;2310
3682;2255;2310
3683;2255;2310
3684;2255;2310
3685;2255;2310
3686;2255;2310
3687;2255;2310
3688;2255;2310
3689;2507;2480
3690;2507;2480
3691;2507;2480
3692;2507;2480
3693;2507;2480
3694;2507;2480
3695;2507;2480
3696;2255;2157
3697;2255;2157
3698;2255;2157
3699;2255;2157
3700;2255;2157
3701;2255;2157
3702;2255;2157
3703;2255;2157
3704;2255;2157
3705;2255;2157
3706;2255;2157
3707;2255;2157
3708;2255;2157
3709;2349;2544
3710;2349;2544
3711;2349;2544
3712;2349;2544
3713;2349;2544
3714;2349;2544
3715;2349;2544
3716;2349;2544
3717;2349;2544
3718;2349;2544
3719;2349;2544
3720;2349;2544
3721;2349;2544
3722;2373;2441
3723;2373;2441
3724;2373;2441
3725;2373;2441
3726;2373;2441
3727;2373;2441
3728;2373;2441
3729;2373;2441
3730;2373;2441
3731;2373;2441
3732;2373;2441
3733;2373;2441
3734;2373;2441
3735;2373;2441
3736;2373;2441
3737;2255;2453
3738;2255;2453
3739;2255;2453
3740;2255;2453
3741;2255;2453
3742;2255;2453
3743;2255;2453
3744;2255;2453
3745;2255;2453
3746;2255;2453
3747;2255;2453
3748;2255;2453
3749;2255;2453
3750;2499;2159
3751;2499;2159
3752;2499;2159
3753;2499;2159
3754;2499;2159
3755;2499;2159
3756;2499;2159
3757;2499;2159
3758;2499;2159
3759;2499;2159
3760;2499;2159
3761;2499;2159
3762;2499;2159
3763;2499;2159
3764;2499;2159
3765;2499;2159
3766;2373;2468
3767;2373;2468
3768;2373;2468
3769;2373;2468
3770;2373;2468
3771;2373;2468
3772;2373;2468
3773;2373;2468
3774;2373;2468
3775;2373;2468
3776;2373;2468
3777;2373;2468
3778;2373;2468
3779;2373;2468
3780;2507;2618
3781;2507;2618
3782;2507;2618
3783;2507;2618
3784;2507;2618
3785;2507;2618
3786;2507;2618
3787;2507;2618
3788;2507;2618
3789;2507;2618
3790;2507;2618
3791;2507;2618
3792;2507;2618
3793;2507;2618
3794;2507;2618
3795;2507;2618
3796;2507;2618
3797;2349;2325
3798;2349;2325
3799;2349;2325
3800;2349;2325
3801;2349;2325
3802;2349;2325
3803;2349;2325
3804;2349;2325
3805;2349;2325
3806;2349;2325
3807;2349;2325
3808;2349;2325
3809;2349;2325
3810;2349;2325
3811;2349;2325
3812;2349;2325
3813;2235;2517
3814;2235;2517
3815;2235;2517
3816;2235;2517
3817;2235;2517
3818;2235;2517
3819;2235;2517
3820;2235;2517
3821;2235;2517
3822;2235;2517
3823;2235;2517
3824;2235;2517
3825;2235;2517
3826;2507;2593
3827;2507;2593
3828;2507;2593
3829;2507;2593
3830;2507;2593
3831;2507;2593
3832;2507;2593
3833;2507;2593
3834;2507;2593
3835;2507;2593
3836;2507;2593
3837;2507;2593
3838;2507;2593
3839;2507;2593
3840;2507;2593
3841;2499;2576
3842;2499;2576
3843;2499;2576
3844;2499;2576
3845;2499;2576
3846;2499;2576
3847;2499;2576
3848;2499;2576
3849;2499;2576
3850;2499;2576
3851;2499;2576
3852;2235;2137
3853;2235;2137
3854;2235;2137
3855;2235;2137
3856;2235;2137
3857;2349;2146
3858;2349;2146
3859;2255;2070
3860;2255;2203
3861;2255;2203
3862;2255;2203
3863;2507;2220
3864;2499;2076
3865;2499;2076
3866;2507;2342
3867;2507;2342
3868;2507;2342
3869;2507;2342
3870;2499;2322
3871;2499;2322
3872;2499;2322
3873;2507;2228
3874;2507;2228
3875;2235;2104
3876;2235;2104
3877;2235;2104
3878;2235;2104
3879;2235;2104
3880;2235;2104
3881;2507;2342
3882;2349;2193
3883;2499;2076
3884;2349;2229
3885;2373;2492
3886;2349;2590
3887;2349;2590
3888;2235;2284
3889;2235;2296
3890;2255;2310
3891;2255;2310
3892;2235;2296
3893;2255;2157
3894;2255;2157
3895;2255;2157
3896;2255;2157
3897;2255;2157
3898;2255;2157
3899;2255;2157
3900;2255;2453
3901;2255;2453
3902;2255;2453
3903;2255;2453
3904;2255;2453
3905;2255;2453
3906;2235;2284
3907;2235;2296
3908;2507;2480
3909;2349;2544
3910;2349;2544
3911;2349;2544
3912;2373;2468
3913;2373;2441
3914;2349;2325
3915;2349;2325
3916;2255;2453
3917;2255;2453
3918;2499;2159
3919;2499;2159
3920;2507;2593
3921;2507;2593
3922;2499;2576
3923;2499;2576
3924;2499;2576
3925;2499;2576
3926;3204;2871
3927;3204;2871
3928;3204;2871
3929;3204;2871
3930;3204;2871
3931;3204;2871
3932;3204;2871
3933;3204;2871
3934;3204;2871
3935;3204;2871
3936;3204;2871
3937;3204;2871
3938;3204;2871
3939;3204;2871
3940;3204;2871
3941;3204;2871
3942;2826;2771
3943;2826;2771
3944;2826;2771
3945;2826;2771
3946;2826;2771
3947;2826;2771
3948;2826;2771
3949;2826;2771
3950;2826;2771
3951;2826;2771
3952;2826;2771
3953;2826;2771
3954;2840;2928
3955;3162;2978
3956;3162;2978
3957;3162;2978
3958;3162;2978
3959;3162;2978
3960;3162;2978
3961;3162;2978
3962;3162;2978
3963;3162;2978
3964;3162;2978
3965;3162;2978
3966;3162;2978
3967;3084;3168
3968;3084;3168
3969;3084;3168
3970;3084;3168
3971;3084;3168
3972;3084;3168
3973;3084;3168
3974;3084;3168
3975;3084;3168
3976;3084;3168
3977;3084;3168
3978;3044;2951
3979;3044;2951
3980;3044;2951
3981;3044;2951
3982;3044;2951
3983;3044;2951
3984;3044;2951
3985;3044;2951
3986;3044;2951
3987;3044;2951
3988;3044;2951
3989;3044;2951
3990;2826;2844
3991;2826;2844
3992;2826;2844
3993;2826;2844
3994;2826;2844
3995;2826;2844
3996;2826;2844
3997;2935;3141
3998;2935;3141
3999;2935;3141
4000;2935;3141
4001;2935;3141
4002;2935;3141
4003;2935;3141
4004;2935;3141
4005;2935;3141
4006;2935;3141
4007;2935;3141
4008;2935;3141
4009;2935;3141
4010;2935;3141
4011;2935;3141
4012;2935;3141
4013;2935;3141
4014;2935;3141
4015;3204;3099
4016;3204;3099
4017;3204;3099
4018;3204;3099
4019;3204;3099
4020;3204;3099
4021;3204;3099
4022;3204;3099
4023;3204;3099
4024;3204;3099
4025;3204;3099
4026;3204;3099
4027;3204;3099
4028;3204;3099
4029;3204;3099
4030;2898;3035
4031;2898;3035
4032;2898;3035
4033;2898;3035
4034;2898;3035
4035;2898;3035
4036;2898;3035
4037;2898;3035
4038;2898;3035
4039;2898;3035
4040;2898;3035
4041;2935;3007
4042;2935;3007
4043;2935;3007
4044;2935;3007
4045;2935;3007
4046;2935;3007
4047;2935;3007
4048;2935;3007
4049;2935;3007
4050;2935;3007
4051;2935;3007
4052;2935;3007
4053;2935;3007
4054;2935;3007
4055;2935;3007
4056;2935;3007
4057;2785;2908
4058;2785;2908
4059;2785;2908
4060;2785;2908
4061;2785;2908
4062;2785;2908
4063;2785;3067
4064;2785;3067
4065;2785;3067
4066;2785;3067
4067;2785;3067
4068;2785;3067
4069;2785;3067
4070;2785;3067
4071;2785;3067
4072;2785;3067
4073;2785;3067
4074;2785;3067
4075;2785;3067
4076;2785;3067
4077;2785;3067
4078;2944;3142
4079;2944;3142
4080;2944;3142
4081;2944;3142
4082;2944;3142
4083;2944;3142
4084;2944;3142
4085;2944;3142
4086;2944;3142
4087;2944;3142
4088;2944;3142
4089;3084;3028
4090;3084;3028
4091;3084;3028
4092;3084;3028
4093;3084;3028
4094;3084;3028
4095;3084;3028
4096;3084;3028
4097;3084;3028
4098;2898;2952
4099;2898;2952
4100;2898;2952
4101;2898;2952
4102;2898;2952
4103;2898;2952
4104;2898;2952
4105;2898;2952
4106;2898;2952
4107;2898;2952
4108;2898;2952
4109;2898;2952
4110;2898;2952
4111;2898;2952
4112;3107;2749
4113;3107;2749
4114;3107;2749
4115;3107;2749
4116;3107;2749
4117;3107;2749
4118;3107;2749
4119;3107;2749
4120;2935;3226
4121;2935;3226
4122;2935;3226
4123;2935;3226
4124;2935;3226
4125;2935;3226
4126;2935;3226
4127;2935;3226
4128;2935;3226
4129;3044;3114
4130;3044;3114
4131;3044;3114
4132;3044;3114
4133;3044;3114
4134;3044;3114
4135;3044;3114
4136;3044;3114
4137;3162;3231
4138;3162;3231
4139;3162;3231
4140;3162;3231
4141;3162;3231
4142;3162;3231
4143;3162;3231
4144;3162;3231
4145;3162;3231
4146;3162;3231
4147;3162;3231
4148;3162;3231
4149;3162;3231
4150;3162;3231
4151;2826;2989
4152;2826;2989
4153;2826;2989
4154;2826;2989
4155;2826;2989
4156;2826;2989
4157;2826;2989
4158;2840;2781
4159;2840;2781
4160;2840;2781
4161;2840;2781
4162;2840;2929
4163;2840;2929
4164;2840;2929
4165;2785;3026
4166;2785;3026
4167;2785;3026
4168;2785;3026
4169;2785;3026
4170;2785;3026
4171;2785;3026
4172;2785;3026
4173;2785;3026
4174;2785;3026
4175;2785;3026
4176;2785;3026
4177;2785;3026
4178;2785;3026
4179;2785;3026
4180;3107;2723
4181;3107;2723
4182;3107;2723
4183;3107;2723
4184;3107;2723
4185;3107;2723
4186;3107;2723
4187;3107;2723
4188;3107;2723
4189;3107;2723
4190;3044;3157
4191;3044;3157
4192;3044;3157
4193;3044;3157
4194;3044;3157
4195;3044;3157
4196;3059;2980
4197;3059;2980
4198;3059;2980
4199;3059;2980
4200;3059;2980
4201;3059;2980
4202;3059;2980
4203;3059;2980
4204;3059;2980
4205;3059;2980
4206;3059;3196
4207;3059;3196
4208;3059;3196
4209;3059;3196
4210;3059;3196
4211;3059;3196
4212;3059;3196
4213;3059;3196
4214;3059;3196
4215;3059;3196
4216;3059;3196
4217;2785;2770
4218;2785;2770
4219;2785;2770
4220;2785;2770
4221;2785;2770
4222;2785;2770
4223;2785;2770
4224;2785;2770
4225;2785;2770
4226;2785;2770
4227;2785;2770
4228;2785;2770
4229;2785;2770
4230;2785;2770
4231;2785;2770
4232;3084;3283
4233;3084;3283
4234;3084;3283
4235;3084;3283
4236;3084;3283
4237;3084;3283
4238;3084;3283
4239;3084;3283
4240;3084;3283
4241;3084;3283
4242;3084;3283
4243;3084;3283
4244;3084;3283
4245;3084;3210
4246;3084;3210
4247;3084;3210
4248;3084;3210
4249;3084;3210
4250;3084;3210
4251;3084;3210
4252;3084;3210
4253;3084;3210
4254;3084;3210
4255;3084;3210
4256;3084;3210
4257;3084;3210
4258;3084;3210
4259;3084;3210
4260;3107;2981
4261;3107;2981
4262;3107;2981
4263;3107;2981
4264;3107;2981
4265;3107;2981
4266;3107;2981
4267;3107;2981
4268;3107;2981
4269;3107;2981
4270;3107;2981
4271;3107;2981
4272;3107;2981
4273;3107;2981
4274;2935;3071
4275;2935;3071
4276;2935;3071
4277;2935;3071
4278;2935;3071
4279;2935;3071
4280;2935;3071
4281;2935;3071
4282;2935;3071
4283;2935;3071
4284;2935;3071
4285;2935;3071
4286;2935;3071
4287;2935;3071
4288;2840;3178
4289;2840;3178
4290;2840;3178
4291;2840;3178
4292;2840;3178
4293;2840;3178
4294;2840;3178
4295;2840;3178
4296;2840;3178
4297;3059;3054
4298;3059;3054
4299;3059;3054
4300;3059;3054
4301;3059;3054
4302;3059;3054
4303;3059;3054
4304;3059;3054
4305;3059;3054
4306;3059;3054
4307;3059;3054
4308;3059;3054
4309;3059;3054
4310;2785;3031
4311;2785;3031
4312;2785;3031
4313;2785;3031
4314;2785;3031
4315;3107;2759
4316;3107;2759
4317;3107;2759
4318;3107;2759
4319;3107;2759
4320;3107;2759
4321;3107;2759
4322;3107;2759
4323;3107;2759
4324;3107;2759
4325;3107;2759
4326;3107;2759
4327;3084;3224
4328;3084;3224
4329;3084;3224
4330;3084;3224
4331;3084;3224
4332;3084;3224
4333;3084;3224
4334;3084;3224
4335;3084;3224
4336;3084;3224
4337;3084;3224
4338;3084;3224
4339;3084;3224
4340;3084;3224
4341;3084;3224
4342;2944;2783
4343;2944;2783
4344;2944;2783
4345;2944;2783
4346;2944;2783
4347;2944;2783
4348;2944;2783
4349;2944;2783
4350;2944;2783
4351;2944;2783
4352;2944;2783
4353;2898;2745
4354;2898;2745
4355;2898;2745
4356;2898;2745
4357;2898;2745
4358;2898;2745
4359;2898;2745
4360;2898;2745
4361;2898;2745
4362;2898;2745
4363;3107;2736
4364;3107;2736
4365;3107;2736
4366;3107;2736
4367;3107;2736
4368;3107;2736
4369;3107;2736
4370;3107;2736
4371;3107;2736
4372;3107;2736
4373;3107;2736
4374;3107;2736
4375;3107;2736
4376;3107;2736
4377;3107;2736
4378;3059;3252
4379;3059;3252
4380;3059;3252
4381;3059;3252
4382;3059;3252
4383;3059;3252
4384;3059;3252
4385;3059;3252
4386;3059;3252
4387;3059;3252
4388;3059;3252
4389;3059;3252
4390;3204;2948
4391;3204;2948
4392;3204;2948
4393;3204;2948
4394;3204;2948
4395;2840;2841
4396;2840;2841
4397;2840;2841
4398;2840;2841
4399;2840;2841
4400;3044;3051
4401;3044;3051
4402;3044;3051
4403;3044;3051
4404;3044;3051
4405;3044;3051
4406;3044;3051
4407;3044;3051
4408;3044;3051
4409;3044;3051
4410;3044;3051
4411;3044;3051
4412;2898;3037
4413;2898;3037
4414;2898;3037
4415;2898;3037
4416;2898;3037
4417;2898;3037
4418;2898;3037
4419;2898;3037
4420;2898;3037
4421;2898;3037
4422;2898;3037
4423;2898;3037
4424;2898;3037
4425;2898;3037
4426;2898;3037
4427;2898;3037
4428;2898;3037
4429;2898;3037
4430;3204;2871
4431;3204;2871
4432;2826;2771
4433;2826;2771
4434;2826;2771
4435;3162;2978
4436;3162;2978
4437;3162;2978
4438;3162;2978
4439;2840;2928
4440;2840;2928
4441;2840;2928
4442;2840;2928
4443;2840;2928
4444;2840;2928
4445;2840;2928
4446;2840;2928
4447;2840;2928
4448;2840;2928
4449;2826;2771
4450;2840;2928
4451;2826;2844
4452;2826;2844
4453;2785;2908
4454;3204;3099
4455;2898;3035
4456;2898;3035
4457;2935;3007
4458;2935;3007
4459;2785;2908
4460;2785;2908
4461;2785;3067
4462;2785;3067
4463;2785;3067
4464;2785;3067
4465;2944;3142
4466;2944;3142
4467;2944;3142
4468;2944;3142
4469;2785;3067
4470;3084;3028
4471;3084;3028
4472;2898;2952
4473;2935;3226
4474;2935;3226
4475;2935;3226
4476;2935;3226
4477;2826;2989
4478;2826;2989
4479;2826;2989
4480;2826;2989
4481;2826;2989
4482;2826;2989
4483;2826;2989
4484;2826;2989
4485;2826;2989
4486;2826;2989
4487;2840;2929
4488;2840;2781
4489;2785;3026
4490;2785;3026
4491;2785;3026
4492;2785;3026
4493;3107;2723
4494;3107;2723
4495;3107;2723
4496;3107;2723
4497;3059;3196
4498;3059;3196
4499;3044;3157
4500;3044;3157
4501;3044;3157
4502;3044;3157
4503;3044;3157
4504;3044;3157
4505;3044;3157
4506;3044;3157
4507;3044;3157
4508;3044;3157
4509;3044;3157
4510;3059;3196
4511;2785;2770
4512;2785;2770
4513;3084;3283
4514;3084;3283
4515;2935;3071
4516;3084;3210
4517;3107;2981
4518;3107;2981
4519;3107;2981
4520;2935;3071
4521;2840;3178
4522;2840;3178
4523;2785;3031
4524;2840;3178
4525;2785;3031
4526;2898;2745
4527;2898;2745
4528;2898;2745
4529;2898;2745
4530;2898;2745
4531;2898;2745
4532;3107;2736
4533;3107;2759
4534;2944;2783
4535;2944;2783
4536;2944;2783
4537;2944;2783
4538;2898;2745
4539;3107;2736
4540;3059;3252
4541;3059;3252
4542;3059;3252
4543;3204;2948
4544;3204;2948
4545;3204;2948
4546;3204;2948
4547;3204;2948
4548;3204;2948
4549;3204;2948
4550;2840;2841
4551;2898;3037
